"Source:","C:\Users\Evan\Desktop\TI thermostat esp32\TI thermostat esp32.kicad_sch"
"Date:","1/24/2022 5:19:39 PM"
"Tool:","Eeschema (6.0.0)"
"Generator:","C:\Program Files\KiCad\6.0\bin\scripting\plugins/bom_csv_grouped_by_value_with_fp.py"
"Component Count:","81"
"Ref","Qnty","Value","Cmp name","Footprint","Description","Vendor"
"B1, B2, B3, B4, B5, B6, B7, B8, B9, ","9","PinHeader_1x01_P2.54mm_Vertical","Conn_01x01","Connector_PinHeader_2.54mm:PinHeader_1x01_P2.54mm_Vertical","Generic connector, single row, 01x01, script generated (kicad-library-utils/schlib/autogen/connector/)",""
"C1, C2, C3, C8, C10, C11, C14, C15, ","8","0.1uF","C","Capacitor_SMD:C_0603_1608Metric","Unpolarized capacitor",""
"C5, ","1","22uF","C","Capacitor_THT:CP_Radial_D5.0mm_P2.00mm","Unpolarized capacitor",""
"C9, ","1","1nF","C","Capacitor_SMD:C_0603_1608Metric","Unpolarized capacitor",""
"C16, ","1","1000uF","C_Polarized","Capacitor_THT:CP_Radial_D7.5mm_P2.50mm","Polarized capacitor",""
"C17, ","1","0.01uF","C","Capacitor_SMD:C_0603_1608Metric","Unpolarized capacitor",""
"C18, ","1","470uF","C_Polarized","Capacitor_THT:CP_Radial_D7.5mm_P2.50mm","Polarized capacitor",""
"D1, ","1","heat","LED","LED_SMD:LED_0603_1608Metric","Light emitting diode",""
"D2, ","1","cool","LED","LED_SMD:LED_0603_1608Metric","Light emitting diode",""
"D3, ","1","fan","LED","LED_SMD:LED_0603_1608Metric","Light emitting diode",""
"D4, ","1","humid","LED","LED_SMD:LED_0603_1608Metric","Light emitting diode",""
"D5, ","1","RED LED","LED","LED_SMD:LED_0603_1608Metric","Light emitting diode",""
"D6, D7, D8, D9, ","4","1N4004","1N4004","Diode_SMD:D_SMA","400V 1A General Purpose Rectifier Diode, DO-41",""
"D10, ","1","MBR745","MBR745","Package_TO_SOT_THT:TO-220-2_Horizontal_TabUp","45V 7.5A Schottky Barrier Rectifier Diode, TO-220",""
"DS1, ","1","PinHeader_1x15_P2.54mm_Vertical","Conn_01x15","Connector_PinHeader_2.54mm:PinHeader_1x15_P2.54mm_Vertical","Generic connector, single row, 01x15, script generated (kicad-library-utils/schlib/autogen/connector/)",""
"IC1, ","1","ESP32-WROVER-E_M213EH6464PH3Q0_","ESP32-WROVER-E_M213EH6464PH3Q0_","Evan's misc parts:ESP32WROVEREM213EH6464PH3Q0","WiFi Modules (802.11) SMD Module ESP32-WROVER-E, ESP32-D0WD-V3, 3.3V 64Mbit PSRAM, 8 MB SPI flash, PCB Antenna",""
"IC2, ","1","LT1074CT","LT1074CT","Evan's misc parts:TO220_5L","",""
"J1, ","1","bme280","Conn_01x04","Connector_PinHeader_2.54mm:PinHeader_1x04_P2.54mm_Vertical","Generic connector, single row, 01x04, script generated (kicad-library-utils/schlib/autogen/connector/)",""
"J4, ","1","Conn_02x05_Odd_Even","Conn_02x05_Odd_Even","Connector_PinHeader_2.54mm:PinHeader_2x05_P2.54mm_Horizontal","Generic connector, double row, 02x05, odd/even pin numbering scheme (row 1 odd numbers, row 2 even numbers), script generated (kicad-library-utils/schlib/autogen/connector/)",""
"J5, ","1","Conn_02x03_Odd_Even","Conn_02x03_Odd_Even","Connector_PinHeader_2.54mm:PinHeader_2x03_P2.54mm_Horizontal","Generic connector, double row, 02x03, odd/even pin numbering scheme (row 1 odd numbers, row 2 even numbers), script generated (kicad-library-utils/schlib/autogen/connector/)",""
"J6, ","1","Conn_01x08","Conn_01x08","Connector_Phoenix_MC:PhoenixContact_MC_1,5_8-G-3.81_1x08_P3.81mm_Horizontal","Generic connector, single row, 01x08, script generated (kicad-library-utils/schlib/autogen/connector/)",""
"L1, ","1","MSS1278H-473KED","MSS1278H-473KED","Evan's misc parts:INDPM120120X805N","Fixed Inductors 47uH Shld 3.2A 10% DCR=57mOhms AEC-Q200",""
"Q1, Q2, Q3, Q4, ","4","BT134-600","BT134-600","Package_TO_SOT_THT:TO-126-3_Horizontal_TabDown","4A RMS, 600V Off-State Voltage, Triac, TO-126",""
"R1, R3, R5, R7, ","4","100","R","Resistor_SMD:R_0603_1608Metric","Resistor",""
"R2, R4, R6, R8, R10, R11, R12, R13, ","8","560","R","Resistor_SMD:R_0603_1608Metric","Resistor",""
"R9, ","1","12K","R","Resistor_SMD:R_0603_1608Metric","Resistor",""
"R14, R24, ","2","4.7K","R","Resistor_SMD:R_0603_1608Metric","Resistor",""
"R15, ","1","2.2K","R","Resistor_SMD:R_0603_1608Metric","Resistor",""
"R18, R20, R22, R23, ","4","10K","R","Resistor_SMD:R_0603_1608Metric","Resistor",""
"R25, ","1","2.7k","R","Resistor_SMD:R_0603_1608Metric","Resistor",""
"R26, ","1","2.8k","R","Resistor_SMD:R_0603_1608Metric","Resistor",""
"R27, ","1","2.21k","R","Resistor_SMD:R_0603_1608Metric","Resistor",""
"S1, ","1","TI Thermostat S1","Thermostat S1","Evan's misc parts:TI Thermostat S1","",""
"S2, S3, S4, ","3","TI Thermostat S2-3-4","Thermostat S2-3-4","Evan's misc parts:TI Thermostat S2-3-4","",""
"SW1, ","1","SW_Push","SW_Push","Button_Switch_THT:SW_Tactile_SPST_Angled_PTS645Vx39-2LFS","Push button switch, generic, two pins",""
"U1, U2, U3, U4, ","4","MOC3063M","MOC3063M","Package_DIP:DIP-6_W7.62mm","Zero Cross Opto-Triac, Vdrm 600V, Ift 5mA, DIP6",""
"U5, U7, ","2","74HC00","74HC00","Package_SO:SOIC-14_3.9x8.7mm_P1.27mm","quad 2-input NAND gate",""
"U6, ","1","MAX7219","MAX7219","Package_SO:SOP-24_7.5x15.4mm_P1.27mm","8-Digit LED Display Driver",""
"U8, ","1","LD1117S33TR_SOT223","LD1117S33TR_SOT223","Package_TO_SOT_SMD:SOT-223-3_TabPin2","800mA Fixed Low Drop Positive Voltage Regulator, Fixed Output 3.3V, SOT-223",""
"U9, ","1","74HC138","74LS138","Package_SO:SOIC-16_3.9x9.9mm_P1.27mm","Decoder 3 to 8 active low outputs",""
